application_id,is_oss,gas_fees,transaction_count,trusted_transaction_count,trusted_transaction_share,trusted_users_onboarded,daily_active_addresses,trusted_daily_active_users,monthly_active_addresses,trusted_monthly_active_users,recurring_addresses,trusted_recurring_users,power_user_addresses,openrank_trusted_users_count,log_gas_fees,log_transaction_count,log_trusted_transaction_count
0x000c2ce4773defb3010a58d3800d0ec9d432189c574ba26d3103f1db44a5af6d,true,16.743455507606356,1201662.0,25748.0,0.021426990285121773,693.0,1525.889344262295,81.811475409836063,37539.382716049382,1823.7037037037037,14610.0,1363.0,23121.0,100.0,1.2490382018399004,6.0797826891633608,4.4107603672445874
0x01d8c3bc48ed5f94c260dcc8698eb61f48b06f70b0596c65fbcb1f369c092be9,false,0.78920895313478689,361090.0,75285.0,0.20849372732559748,503.0,410.52049180327867,76.295081967213122,8144.6913580246919,1534.320987654321,3946.0,536.0,20391.0,95.0,0.25266106269942623,5.5576166640040983,4.8767142233715646
0x030d3b4efdbeb15c8c70bbb4c4fe194c1893ef126148146235412a5d1eed3b97,false,5.3196953597418757,346918.0,1350.0,0.0038914094973451939,27.0,39.200819672131146,1.8852459016393444,655.80246913580254,44.320987654320987,149.0,6.0,1069.0,31.0,0.8006961436665847,5.5402280858587538,3.1306553490220308
0x07bbe4af3099fbf9f18fb4ac7078ee836c5d0d3cc2c29f192dd366455671e2a5,false,0.044262374309444977,28167.0,5041.0,0.17896829623318067,955.0,74.77459016393442,13.959016393442623,1885.1851851851852,348.76543209876547,40.0,10.0,2180.0,111.0,0.01880963027421232,4.449756012062128,3.7026028413404273
0x08d4923c8047ec8856f54a1d6e0763d41eaced38e621b2f15284437918defe1f,false,0.2737123395714155,36270.0,2223.0,0.061290322580645158,68.0,60.6844262295082,6.028688524590164,1620.2469135802469,148.27160493827162,95.0,21.0,549.0,79.0,0.10507135622302737,4.5595595293464957,3.34713478291002
0x08df6e20a3cfabbaf8f34d4f4d048fe7da40447c24be0f3ad513db6f13c755dd,false,36.729953746282135,2224818.0,216225.0,0.097187725018406,443.0,2436.1639344262294,345.19672131147541,28323.703703703704,3644.4444444444448,20505.0,3562.0,29402.0,367.0,1.5766862727931834,6.3472946847557443,5.3349079143056457
0x098fca4a62159ddfc2c45dc2931a727d56f039b8f68e31222b927aaf2ce75b9e,false,1.2855783032058115,139573.0,53347.0,0.38221575806208935,1352.0,428.81557377049182,180.59836065573771,9250.74074074074,3003.9506172839506,311.0,195.0,29792.0,449.0,0.35899610467486348,5.1448045249621037,4.7271181425000357
0x0c327d5f07a0abc24d646de807a9768619a34ba5277b24fc935b1edf57fa6244,false,2.895892380932092,39527.0,2865.0,0.072482100842462108,4.0,49.217213114754095,5.14344262295082,713.7037037037037,107.77777777777779,448.0,37.0,1299.0,34.0,0.59060695154002807,4.59690484088136,3.4572761860613257
0x0d1810bae195eec71762b45236d0b9fd0a37c3089f7c466453b86e961326f8a7,false,0.24365253963087205,5747.0,52.0,0.0,3.0,13.151639344262295,0.1721311475409836,273.45679012345681,4.6913580246913584,0.0,0.0,145.0,5.0,0.094699061063162768,3.7595167594621879,1.7242758696007892
0x0fad18f37ecec4f4f4ca18e60c353eb11462363e8aa14562b5d96af54108d106,true,75.066082934880043,1739387.0,88370.0,0.0508052549547628,2260.0,3728.6352459016393,240.3360655737705,67667.777777777781,3766.5432098765432,31404.0,3502.0,24012.0,1094.0,1.8811910525956637,6.2403964695607863,4.9463097694669917
0x120cdd8e43ae1efbafdf02eda876e1952c05a52870c8d5a8f56d9ec0f79f586d,true,2.6196832905296108,47435.0,12792.0,0.26967429113523772,604.0,185.80737704918033,49.393442622950822,5349.7530864197533,1403.3333333333335,901.0,420.0,12084.0,272.0,0.55867057296616607,4.6761080603905958,4.1069723998866738
0x12d482385e2c26d37da1f30c513d66c1fa39e9ed4980a49a51b23caa7b2ce0bc,true,0.026136803047704316,4523.0,492.0,0.10877736015918638,3.0,10.0,1.2418032786885247,206.2962962962963,27.407407407407408,103.0,13.0,599.0,10.0,0.01120526413655323,3.6555225962534177,2.69284691927723
0x15b210abdc6acfd99e60255792b2b78714f4e8c92c4c5e91b898d48d046212a4,true,0.051267840819560276,51932.0,7017.0,0.1351190017715474,89.0,174.99180327868854,23.147540983606557,4690.1234567901238,513.95061728395069,1032.0,282.0,5372.0,27.0,0.021713379178136146,4.7154434110952161,3.8462133638793872
0x182f5a5c04ccdc4739ee9f362af72d7a0f55d6b410cc9dc2b52dc7f99f06f3f9,true,0.429367285023683,77422.0,25439.0,0.32857585699155278,1865.0,219.68032786885246,70.971311475409834,5941.6049382716055,1888.641975308642,675.0,356.0,11907.0,341.0,0.15514383786289379,4.8888699954278243,4.4055171069763759
0x18e7582de42dd9a7fd2cb69fb6566b8bcb3e86b936b229b0c5af78fa1de791a4,false,3.595265483274511,165476.0,15548.0,0.093959244845173928,55.0,198.01639344262296,22.155737704918032,3296.7901234567903,341.97530864197535,1555.0,279.0,3926.0,19.0,0.66231060703671718,5.2187376387931153,4.191702463559194
0x1a6ff49fed19e164fd6b39f668f391cfc7fc493906e942c74997aacee91be632,true,26.270333053157316,1037071.0,139005.0,0.13403614603050321,811.0,2032.1147540983607,208.73770491803279,43118.888888888891,3732.2222222222222,32481.0,3886.0,31423.0,264.0,1.4356904420217595,6.0158089088646634,5.1430335463739043
0x1c1bb58707493e944e721acf773ee77405f8eb4c82070e6425e34b03c7a206ce,false,0.0068294836636378954,1266.0,213.0,0.16824644549763032,13.0,3.7336065573770494,0.77049180327868849,92.716049382716051,19.135802469135804,19.0,6.0,159.0,13.0,0.0029559247993879833,3.1027766148834415,2.330413773349191
0x1c33980ce1d1290b5300719114dbe2cade0b820cb2b45321b715fd53d7abc8d2,true,3.2618116421577947,194522.0,16127.0,0.082905789576500341,188.0,495.10245901639342,40.991803278688522,11284.320987654322,582.34567901234573,4428.0,330.0,8363.0,93.0,0.62959425143656633,5.2889709587852973,4.2075805147654313
0x1d585df770de05257717b33075f6d32e79fb60ec507cff35e51a0e478a4a54a0,false,0.2034733284121919,16282.0,2019.0,0.12400196536052083,10.0,17.83606557377049,2.237704918032787,312.962962962963,43.20987654320988,78.0,9.0,682.0,5.0,0.080436469806924552,4.2117344228760274,3.3053513694466239
0x20528d941017e017af28e86bd57bec2c7c5467e6ed952941502e04493a966cb3,true,6.8550958531216368,38170.0,1060.0,0.027770500392978778,6.0,32.4344262295082,2.1475409836065573,492.09876543209879,34.567901234567906,404.0,29.0,697.0,8.0,0.895151488959418,4.5817335377010782,3.0257153839013409
0x220685a4514003f22cbf18a7ddd9c09f88c2383daed6cbfa3437b22a51c07c26,false,0.68070075856463241,3668646.0,103.0,0.0,4.0,896.41803278688519,0.33606557377049179,3634.4444444444448,8.6419753086419764,386.0,3.0,109.0,4.0,0.22549039608506391,6.5645059256214475,2.0170333392987803
0x229cb4bd0c69afd89939b1e1364be950a79045c8233ee9278a6224814873c314,false,4.2129655159094588,332565.0,30977.0,0.0931457008404372,685.0,757.03278688524586,86.372950819672127,18412.962962962964,1929.5061728395062,2774.0,475.0,27389.0,94.0,0.7170848520515597,5.5218778469064613,4.4910533754308659
0x24ff0fb2933e55b169a80d9bd35a00a7011795387717b27445ccdc0f8660d740,true,5.121021936409476,131511.0,6934.0,0.052725627514048252,191.0,354.94672131147541,23.135245901639344,7804.5679012345681,540.8641975308642,2039.0,204.0,9602.0,127.0,0.78682393591881117,5.1189653824532195,3.8410464654093035
0x278442aa60cfdfad09d58112baecb05486dde654b47db21fb3d2274a2639bd47,true,0.31269905325805541,2709.0,79.0,0.0,2.0,4.2622950819672134,0.30737704918032788,106.2962962962963,9.25925925925926,4.0,0.0,142.0,4.0,0.11816517202231884,3.4329692908744058,1.9030899869919435
0x27eb7d5d11ce5a3cca4358a8a6b2ea65fdac15655fb1d29d2d47908999586ad2,false,0.067547076480194326,5260.0,3869.0,0.73555133079847912,57.0,6.4836065573770494,4.3811475409836067,129.62962962962965,83.703703703703709,56.0,47.0,345.0,272.0,0.028387035551654664,3.7210683017971591,3.5877109650189114
0x28e90d2194452d0b959d1729eb5bc9183681bd891efb59aea2383b0ac7fd53f7,false,0.028005195205816864,4292.0,1135.0,0.26444547996272133,3.0,12.299180327868852,3.2540983606557377,200.61728395061729,49.753086419753089,114.0,32.0,542.0,1.0,0.011995309448670785,3.6327608884794387,3.055378331375
0x2a2d2dbfa03619094fbeb6474776f2f3b5f6be443c8576abc6f3caa2c18dc45e,false,0.10572775396959862,33187.0,3673.0,0.11124235265612696,190.0,127.42213114754098,13.127049180327869,3714.1975308641977,363.20987654320987,49.0,11.0,4590.0,37.0,0.043648210600597245,4.5209810814192979,3.5651391519697895
0x2b6c413a5b076f917ada28ac44b0995daee75f06678705d1eb75ff5da38bdd3b,true,0.31120074723911917,9417.0,848.0,0.0,10.0,8.6106557377049189,0.97950819672131151,163.08641975308643,18.395061728395063,77.0,9.0,164.0,3.0,0.11766918806223953,3.9739586861067036,2.9289076902439528
0x2d5167181143298e3d002d318d8b1d2917b8c3205a5634549c95cab0ff32cbdf,false,0.52421436630988438,21849.0,2443.0,0.1118128976154515,58.0,40.377049180327866,8.7090163934426226,1044.5679012345679,205.18518518518519,179.0,84.0,2362.0,32.0,0.18304605070338389,4.3394514413064407,3.3881012015705165
0x2ddf5b9dc64f873d6557b4f63de936cf278f8851deda857244a1be44d1a1e950,false,0.32627288365315388,9826.0,0.0,0.0,0.0,1.4098360655737705,0.0,4.9382716049382722,0.0,8.0,0.0,0.0,0.0,0.12263289033714619,3.9924209560520243,0.0
0x2e0e80846b4d52b126f3c9a20a01876bbcb80de67befe916870c5d8736af6c2a,true,9.895767262442e-06,24.0,19.0,0.0,1.0,0.05737704918032787,0.045081967213114756,1.7283950617283952,1.3580246913580247,0.0,0.0,4.0,1.0,4.2976558520423973e-06,1.3979400086720377,1.3010299956639813
0x2e7c3fcaca4cfa15199cba38b7f5ee0e18377e069dc8237d03fa7620d44d3cd3,true,0.015319300750287845,2348.0,245.0,0.10434412265758092,6.0,4.3114754098360653,0.95081967213114749,110.61728395061729,25.679012345679013,8.0,3.0,149.0,8.0,0.00660264199983211,3.370883016777606,2.3909351071033793
0x3061b642db56c507e265f03029735b0413a613bda43456a31e78128baeb18754,true,10.354093297184727,622906.0,57104.0,0.091673543038596511,831.0,1263.372950819672,126.95491803278688,24398.14814814815,2340.2469135802471,10650.0,1778.0,24816.0,230.0,1.0551524585247678,5.7944232113433847,4.7566741358700488
0x3065db37b2feaa39fe11e313726e38fc14f461c174629174e2f434f2cfc938f9,false,3.7598445401996625,153424.0,10240.0,0.066743143184899364,61.0,236.92622950819671,15.438524590163935,3407.7777777777778,159.62962962962965,1092.0,102.0,2714.0,8.0,0.677592768595287,5.1858961319559693,4.0103423661395681
0x306977dfc31135826a031cca8ffcb1f82d8f14c9371f0362274be1dfa984f373,false,6.1716911800587431,386548.0,16427.0,0.042496662768918739,202.0,1246.7868852459017,55.098360655737707,26393.827160493827,776.2962962962963,16713.0,510.0,11902.0,69.0,0.85562158015339251,5.5872045540907571,4.2155846941816151
0x30769523b16315b6404ce3c6dbaf610028acdf3133dca8a4d427e0d19d3628c9,false,5.8946769497037961,152922.0,14416.0,0.094270281581459836,331.0,323.27459016393442,42.877049180327866,6189.0123456790125,1036.79012345679,3311.0,365.0,12138.0,139.0,0.83851392210754327,5.1844728092964143,4.1588748984559967
0x31ad5901da0dd56bc4e1649645365b03443ac0712c72431bf6132b121b8b96eb,true,0.1502769371462509,9205.0,37.0,0.0,3.0,8.1844262295081975,0.12295081967213115,129.87654320987656,3.3333333333333335,1.0,0.0,7.0,17.0,0.060802412349348078,3.9640709705579553,1.5797835966168101
0x3230536d9c471231698a0fe66daeeda963282f2b594ce5a47d3dbfa53ac9d4a5,false,115.87134327233728,11660448.0,22353.0,0.0019169932407399784,555.0,1681.8073770491803,79.581967213114751,46249.629629629635,1933.7037037037037,9058.0,1084.0,23934.0,114.0,2.0677080356753117,7.0667152737907486,4.349355246595203
0x32544f86ae24d37df67bb6e7eb98eca5003932567225ed85e34f72bd0dc859db,true,12.969265641761545,276856.0,19357.0,0.069917213280550172,31.0,225.672131147541,30.96311475409836,2064.9382716049386,269.2592592592593,1486.0,215.0,2553.0,66.0,1.1451735760416335,5.4422555086062721,4.2868604855223733
0x32a687fa8ed3dc2679b9be5653dc7b0765a5099064501ad183d2d8a1509f4871,true,0.33155347449068773,14809.0,1086.0,0.073333783510027686,26.0,30.811475409836067,2.319672131147541,486.91358024691363,39.012345679012348,288.0,25.0,647.0,7.0,0.12435861216429285,4.1705550585212086,3.0362295440862948
0x331511dd6300baf10a35b2d3f3953fd7160412b970049b3a63b64564ce26c347,false,2.3831881871166445,119556.0,45474.0,0.38035732209173945,2154.0,321.58196721311475,160.29098360655738,7918.3950617283954,3516.41975308642,2638.0,2049.0,22447.0,1451.0,0.52932615574045982,5.07757500891164,4.6577727077355213
0x351158069e6f06eb4a2fa36878e653ecee7089db3ed4a1e2af1d0fdeb6670e6a,false,2.4222341066639768,56467.0,1557.0,0.027573627074220342,19.0,10.745901639344263,1.9139344262295082,117.16049382716049,22.592592592592595,37.0,8.0,176.0,1.0,0.53430971524445092,4.7518024060413664,3.1925674533365456
0x35e2308213d675d5c25463a80fd318c2ae2478f47c4fabc854f23ac40df196c5,false,2.6142314867608927,245136.0,18815.0,0.076753312446968217,518.0,366.26229508196724,43.25,8641.9753086419751,989.25925925925935,1166.0,286.0,12977.0,108.0,0.55801596510463192,5.3894088668746072,4.2745273043960443
0x37c2292c6316d1f9b796c3eeac2049e38f31eb3dee37db0e7987854de1b001d0,true,2.416863011952326,466684.0,3037.0,0.0065076154314268331,78.0,1224.827868852459,8.5614754098360653,23827.160493827163,179.25925925925927,27732.0,22.0,4688.0,8.0,0.53362756751817508,5.6690238421923782,3.4825877695267677
0x3890b8264147dbeaaefc6ba0eb6df0fca5fb7ebe508fa1ed87065c58387ead92,false,0.48122131702557208,16705.0,3545.0,0.21221191260101765,152.0,44.717213114754095,11.327868852459016,1154.1975308641977,304.19753086419752,80.0,44.0,3674.0,145.0,0.17061995357991569,4.2228724770698394,3.5497387312648989
0x38c38455bb0fd71d2929fcf799279569ab5f5c5d3e1f92f8642ce87aa25accdf,false,8.8999881480551544,150529.0,27773.0,0.18450265397365292,1810.0,466.46721311475409,85.508196721311478,10805.925925925927,2016.6666666666667,471.0,299.0,13343.0,1313.0,0.99563467467458755,5.1776230616313557,4.4436384311664545
0x396426679c3986320a3aa0c23b69857c06cb41ff0c92ac81aaa0332e5200ec9c,false,0.37502100436846103,3101.0,110.0,0.0,5.0,8.942622950819672,0.34426229508196721,166.41975308641977,1.7283950617283952,26.0,2.0,20.0,1.0,0.13830933235656884,3.4916417934775863,2.0453229787866576
0x3d009f8f7c1e8a3bcbc81ca8ed60d2e86b956dd0fa68c4595f851be37052a2b5,false,0.66668439683646974,29093.0,16571.0,0.56958718592101187,636.0,88.581967213114751,45.102459016393439,1986.6666666666667,828.27160493827159,61.0,53.0,7992.0,286.0,0.22185336966072733,4.4638034344991677,4.2193749246262557
0x3db32e85563bfe1014acc9da5b0d3ff6b802e8205cfce45dd7157c901ece5f36,false,0.051102020770629246,2341.0,238.0,0.0,4.0,6.4221311475409832,0.45901639344262296,147.28395061728395,7.4074074074074074,14.0,1.0,269.0,3.0,0.021644871030540653,3.3695868907363442,2.3783979009481375
0x3e2458fd10201c3e66960a93e2a94e95861450bd29d040f6a077581fce165e29,false,1.7427253869730484,55088.0,10390.0,0.18860731919837351,25.0,83.676229508196727,19.643442622950818,1700.493827160494,433.20987654320987,410.0,93.0,4411.0,76.0,0.43818232641874255,4.7410648889385119,4.0166573448222023
0x3ea87586a0d82cb8824a045fdd1a95b0397a02a7534dab5e4b3538afe43ddf39,false,0.069041655577627314,4195.0,1717.0,0.40929678188319429,103.0,13.266393442622951,5.6721311475409832,370.74074074074076,159.75308641975309,4.0,1.0,1490.0,206.0,0.028994627973083456,3.62283547952152,3.2350231594952237
0x3ecbf66c1b21342b26acb0f7d4c6b8bbbef168ffafff3f425de3503fd8dfa535,true,9.8939016277301342,41018.0,4046.0,0.0986396216295285,69.0,48.151639344262293,12.25,908.27160493827159,193.08641975308643,412.0,89.0,1314.0,171.0,1.0371834492621668,4.6129850685195324,3.6071332043915665
0x3f11bc2231f22056737d8bc5338c06bbb1637de54c71a65eed9d6500a8fbd1bc,false,0.13920654625242135,8679.0,87.0,0.0,2.0,21.590163934426229,0.18442622950819673,550.24691358024688,4.5679012345679011,13.0,1.0,103.0,0.0,0.056602471897710283,3.9385197251764921,1.9444826721501687
0x3fd997714a3a9df6dce8a21992dcae361b34432d39b7fd7e04e52eaf0aeaa588,false,0.38870043523984227,435608.0,147386.0,0.3383454849314062,844.0,379.77049180327867,148.30737704918033,5252.4691358024693,1593.8271604938273,715.0,538.0,13306.0,826.0,0.14260857161699186,5.6390968440175273,5.1684591790640955
0x40666399bef533ba8b13292f910c26f5523b057ed33a51d3d90d2fe0079a1c9e,false,9.1707117135896681,304193.0,35145.0,0.11553520297968724,612.0,755.344262295082,102.30737704918033,16341.481481481482,2046.0493827160494,6844.0,1453.0,22379.0,314.0,1.0073513445126916,5.4831506436663888,4.545875904696417
0x41b2ae8a2ead458ff7c85549a9a11380353e1ae4b234666312d495326636f77a,true,45.509340341091189,921162.0,28835.0,0.031302854438198711,975.0,1541.0368852459017,67.672131147540981,33991.728395061727,1292.962962962963,9077.0,669.0,18003.0,267.0,1.6675401797984291,5.9643364855030674,4.4599350168515253
0x41cf185bd4ee6592c65edcb7360e2e56e069fe50ea4adeb7aaee243f7a515c92,true,0.50967811096069138,16110.0,743.0,0.046120422098075729,11.0,22.42622950819672,1.278688524590164,438.641975308642,25.555555555555557,106.0,13.0,509.0,5.0,0.17888435819661708,4.207122497650964,2.8715729355458786
0x4288aacdda65af69c03b2c9b9d057e2b93ed1b7671e481b03c6a7b33349d2365,false,118.9789501606155,3959551.0,336614.0,0.08501317447357036,1941.0,4183.7827868852455,385.48770491803276,58219.876543209881,4374.0740740740739,37191.0,4019.0,39330.0,701.0,2.0791050574560259,6.5976460508410781,5.527133464795126
0x4373578c03f67b70d7f3e49681e901e66dc705efa292343c2370569cbb3245c5,false,1.523780956665006,51480.0,6537.0,0.126981351981352,131.0,140.45081967213116,17.0,3711.9753086419755,430.61728395061732,266.0,66.0,5651.0,81.0,0.40205165903493933,4.7116469743291605,3.81544491624435
0x43c0bbbedc1c04715c3fb34b9387a0779a0d43092c716c29949e7099429eccdb,false,0.89049083991302291,26700.0,431.0,0.016142322097378276,10.0,22.401639344262296,0.69262295081967218,450.74074074074076,15.80246913580247,43.0,2.0,317.0,9.0,0.27657457739553104,4.4265275267709141,2.6354837468149119
0x447b6819a0fa334f2429f86c022cf75ef3cad7e6e96078cb361ab961514b5125,true,1.064538931606446,24577.0,2840.0,0.11555519388045733,3.0,32.258196721311478,6.80327868852459,679.87654320987656,149.75308641975309,180.0,40.0,1385.0,96.0,0.31482307690431871,4.3905465398888017,3.4534712337229356
0x44ca2c89a912ec7e3f2a38aaecde63044fcaa3024839eb628081a3bcba9c0490,false,0.60020731724673437,4060.0,824.0,0.20295566502463055,5.0,12.418032786885245,2.668032786885246,334.320987654321,71.481481481481481,71.0,23.0,859.0,15.0,0.20417625197066624,3.6086329894900371,2.916453948549925
0x45064f78302aeee0d4ea3667a39d3cffa25157b131aba8b1c0d9cfb7c085f87d,true,0.4890197384616069,33759.0,4317.0,0.12787701057495779,6.0,60.897540983606561,11.758196721311476,1249.1358024691358,231.4814814814815,462.0,100.0,1903.0,122.0,0.17290045480263927,4.5284024379536172,3.6352826379982122
0x46b434953909491a2555ccb9cdaee3417765721a33a302a470b25aa6926cae61,true,0.031099320871710041,11174.0,425.0,0.038034723465187041,35.0,5.6639344262295079,1.360655737704918,160.0,39.135802469135804,4.0,3.0,437.0,49.0,0.01330050081114441,4.0482475318039741,2.6294095991027189
0x46ca6c364e7a7bc7dd79db1f22a66b305a77f8c912636b00a4b9a6b28c423e8f,false,2.8799176743753834,18039.0,688.0,0.0,2.0,15.569672131147541,0.27868852459016391,146.66666666666669,1.9753086419753088,47.0,0.0,13.0,1.0,0.58882251066023716,4.2562365332059233,2.8382192219076257
0x46cd8d30b17201a2c573336842ad0e4ee866eb51d885027efe9dff78bff1c086,true,1.3250858644474892,15200.0,8962.0,0.58960526315789474,102.0,28.71311475409836,17.405737704918032,361.48148148148152,181.4814814814815,199.0,139.0,762.0,336.0,0.36643899583550704,4.1818721590103332,3.9524533964230333
0x482720e73e91229b5f7d5e2d80a54eb8a722309c26dba03355359788b18f4373,true,0.7797956729520884,317382.0,44900.0,0.14146990062448406,441.0,808.594262295082,106.3688524590164,11440.740740740741,920.0,6374.0,884.0,8746.0,69.0,0.25037014657690165,5.5015836609068041,4.6522560133785067
0x491ffd3c2e4c25ab7fbdbefe0f5fc8dc2beee5ab801287b9c6c93c9c3c810463,false,5.6921291220045411,465351.0,64951.0,0.139574213872969,397.0,549.97540983606552,91.483606557377044,8348.2716049382725,1347.6543209876543,3782.0,807.0,15999.0,85.0,0.82556431191275226,5.6677815847732074,4.8125925283973592
0x4b987d79912367ada6c3fa1bf6ad1daa6d164078f8c5efc8db2128b9231087a9,true,0.087951184178942113,88230.0,18649.0,0.21136801541425818,103.0,144.99180327868854,30.262295081967213,2687.9012345679012,521.35802469135808,962.0,280.0,5517.0,57.0,0.036609409224905194,4.9456212014983034,4.2706788361447066
0x4bb52210fd390559dc9757138ea8ce189d7bd73f15314209775a9c6fecb969fa,false,0.20829057747035359,12821.0,4485.0,0.34981670696513534,26.0,18.594262295081968,2.9959016393442623,351.23456790123458,49.753086419753089,58.0,19.0,435.0,13.0,0.0821713887689611,4.1079557725477134,3.6518592692469491
0x4bf2ac1013cbae40d5fd671442d4bf276e389de415b4b070c5038b3e9851667d,false,11.843794352106363,448654.0,12483.0,0.027823222349516553,130.0,719.19262295081967,13.901639344262295,14427.407407407409,247.7777777777778,6092.0,116.0,6911.0,35.0,1.1086933432616073,5.6519125120743157,4.0963537599932955
0x4cf98b5dec7f0f51eb6b88ecb15639bafc7320bdc6e21ac443f4c58ebeb1245b,true,119.54092134919438,670618.0,7041.0,0.010499270821838961,6.0,143.47540983606558,12.815573770491802,1034.5679012345679,163.08641975308643,715.0,95.0,1499.0,27.0,2.0811345066552196,5.8264758537129371,3.8476960207341655
0x4d71401a0dbd9b3dd890fbc70baaf872d16db80af149e20f7ef1805fc94f6df6,false,2.4415204310329708,271186.0,10573.0,0.038988000855501387,262.0,498.97950819672133,31.635245901639344,12877.777777777779,572.34567901234573,1473.0,355.0,7016.0,38.0,0.53675035214299649,5.4332688667452258,4.0242393060690924
0x4feb65733264313314056d99958c55902bd2e77139123e73090f46249603ae18,false,0.24117690668918212,5548.0,1033.0,0.18619322278298486,22.0,10.438524590163935,2.0327868852459017,219.38271604938274,44.444444444444443,38.0,4.0,571.0,7.0,0.093833686513514758,3.744214724814166,3.0145205387579237
0x512f97f1de28ad530f752d53bf4f56ed16d34a3121f0512cd5a0485c2074b312,true,49.74350467106283,634466.0,28401.0,0.044763627995826415,60.0,748.90163934426232,45.778688524590166,8469.0123456790134,434.44444444444446,3894.0,414.0,5744.0,68.0,1.7053804590768962,5.8024090384234608,4.453348923088627
0x517eaa9c56951de89261f2d7830ea49aae92f2a903104a17d9c5c2edd4959806,true,41.484242920272123,1872267.0,265620.0,0.14187079086476448,3470.0,4756.6065573770493,728.67622950819668,81520.864197530871,9224.5679012345681,57232.0,11245.0,58131.0,595.0,1.628227883422843,6.2723680145893423,5.4242624073811818
0x526522707f6c225a9bc7ea54e572f995eb3c794f34756f514d976c61729e8a8d,true,27.527558102210289,1414632.0,10636.0,0.0075185631316130276,27.0,248.75409836065575,13.016393442622951,3776.9135802469136,169.87654320987656,974.0,132.0,3341.0,37.0,1.4552645985718142,6.1506437849147719,4.026819159241227
0x52d9a9709aeb50c10afb0f67a35f1a538bc6897c9f45161d39c37fd566fbe19a,true,1.0485944051399756,73122.0,9982.0,0.13651158338119854,245.0,258.27868852459017,35.1844262295082,6312.0987654320988,773.08641975308649,2801.0,472.0,9576.0,38.0,0.31145598229289528,4.8640540007881219,3.9992610711131005
0x5316b19c17eba417d70b924baa6a1c467b14069968424d14fcf1409f2a308873,true,0.28852947874490065,77833.0,9120.0,0.11717394935310216,86.0,236.45901639344262,24.180327868852459,5058.2716049382716,511.358024691358,858.0,360.0,4299.0,110.0,0.11009435871136788,4.89116935003362,3.9600424557268417
0x54c8768e4b6c2ac3d3df596b5dc9d1dc81cb879d83a65a0e50f0270fe24fa2cd,false,0.0500734924226029,5580.0,166.0,0.0,1.0,4.44672131147541,0.29918032786885246,79.506172839506178,4.6913580246913584,31.0,2.0,94.0,0.0,0.0212196954858029,3.7467120225166606,2.2227164711475833
0x54ff216c822bda60476028563e056b6aa5d48aeffa73173267cb988a340c5332,true,0.48779267529637171,1013.0,0.0,0.0,0.0,0.11475409836065574,0.0,0.49382716049382719,0.0,0.0,0.0,0.0,0.0,0.1725424162582363,3.0060379549973173,0.0
0x5614d129eba060ce7d224e8e8f9f29aeddfdb572b0dd45edc81f18f5307bc01a,true,0.032748582284520933,2962.0,210.0,0.0,6.0,10.581967213114755,0.73360655737704916,254.44444444444446,14.814814814814815,53.0,8.0,216.0,6.0,0.013994607467135345,3.4717316514800509,2.3242824552976926
0x59a9c9e954400f540020b2c61bbdac4d4bf1582c902fe7d49fa9fc0907ee3f4a,false,0.1450506056755701,7855.0,3258.0,0.41476766390833864,2.0,19.66393442622951,7.8360655737704921,271.11111111111114,72.5925925925926,46.0,22.0,1210.0,24.0,0.058824680806903,3.8952014747788932,3.5130843604651441
0x5b054742b09f8ce4092a15700ef9781520a6ff2928ba5ee09c78ad4dd8817b85,false,0.002628082679058587,898.0,668.0,0.74387527839643652,86.0,3.512295081967213,2.6147540983606556,99.753086419753089,73.333333333333343,12.0,12.0,340.0,220.0,0.0011398646314626192,2.9537596917332287,2.8254261177678233
0x5bf4cb9356352d8d123d9925d213594088a16a5aacb407030a2b25de728217bd,true,0.874803867716144,183527.0,32695.0,0.1781481743830608,263.0,725.35245901639348,129.38114754098362,6109.7530864197533,977.4074074074075,2584.0,653.0,11571.0,38.0,0.27295584079763185,5.2637023319005358,4.5144946247035369
0x5c4cbf1cf48fea0f82cfdf33b94f43910f3062b6cca1fbfe46d4ee7e1f5506d1,true,7.0906860854884961,1008652.0,204719.0,0.20296296443173661,361.0,1954.6311475409836,306.69672131147541,18467.777777777777,2082.4691358024693,11532.0,2035.0,14713.0,323.0,0.9079853510940844,6.0037417845675094,5.3111602728791292
0x61d2e05f988e678b240a7f00c5f722a5a69f06f085f4ff33199e835a46949469,false,0.37736461003178945,18176.0,354.0,0.019476232394366196,4.0,18.225409836065573,1.3073770491803278,380.61728395061732,24.074074074074076,200.0,13.0,231.0,7.0,0.139048920042244,4.2595222072161922,2.5502283530550942
0x62043b7744f559522f071821d2a062e2135c21a7759c685cf72ad03f9774b123,false,0.40345964611384488,45428.0,6629.0,0.14592321915998943,17.0,143.45491803278688,21.987704918032787,3834.9382716049386,573.33333333333337,89.0,20.0,6727.0,112.0,0.14719992981546376,4.6573331770686037,3.8215135284047732
0x62408999652f3bfa1be746d256bf5a4eb4719b993d40f07d2d60aaebee015018,true,0.047651719468556744,367.0,11.0,0.0,0.0,0.76639344262295084,0.020491803278688523,6.1728395061728394,0.49382716049382719,7.0,0.0,3.0,2.0,0.020216930117230109,2.5658478186735176,1.0791812460476249
0x62e37e96aa6e1cbfb6bd24b97c4b8f1e12cc3fe35d5388d2f041c42a12b40745,false,102.92245716552998,5109259.0,252609.0,0.049441416064443,3087.0,13042.065573770491,639.54508196721315,273823.950617284,10069.012345679013,232228.0,12895.0,62035.0,441.0,2.0167094067410196,6.7083580036202548,5.4024505388513644
0x636ce56a00ff90ba0bbe96b4d581a09414da0d3ed44b71ae38b29b9be7ff20a6,true,6.2438072636116129,290193.0,17636.0,0.060773347392941941,81.0,441.93852459016392,27.135245901639344,7344.9382716049386,450.0,2898.0,326.0,5870.0,51.0,0.85996688649797171,5.4626884287983763,4.246424714908744
0x6371518c95cfa543514e01a77d470c695fac36691cffa3a45e992b2c0cc6ba72,false,17.643169673801875,584536.0,28243.0,0.04831695567082267,160.0,176.84836065573771,40.959016393442624,2679.6296296296296,757.16049382716051,875.0,262.0,6940.0,58.0,1.2705197521603435,5.7668120063229322,4.4509262028227417
0x63c40ab7a0dca87506b015935db8c37b12e5246661be84364920ec151b48a4e7,false,0.025662672549686794,1330.0,185.0,0.13909774436090225,16.0,4.2540983606557381,0.55737704918032782,109.87654320987654,13.580246913580247,6.0,1.0,294.0,7.0,0.011004550309393063,3.1241780554746752,2.2695129442179165
0x640b373ea180a464679db947b03f611766e2fb911206470e3e041ad34c1ad7c2,false,0.7643605566374948,24090.0,1098.0,0.045579078455790782,43.0,39.155737704918032,2.69672131147541,834.69135802469134,57.777777777777779,163.0,18.0,954.0,30.0,0.24658734029535265,4.3818548276225924,3.0409976924234905
0x6435c8574014275b1d554a3ab9dd85f775fa3563258ce855d6aeb07e7918f6e5,false,0.28699047100145963,12754.0,9600.0,0.75270503371491293,530.0,37.528688524590166,27.680327868852459,795.55555555555554,530.61728395061732,379.0,351.0,2091.0,888.0,0.10957533135908397,4.1056804629458092,3.9823164696920652
0x66cce776ce6eaa99192120fc25b91ecc7b98e03210a08f0d3bfda82f542d3e1a,true,0.40599687879066665,3684.0,935.0,0.253800217155266,4.0,11.040983606557377,2.2827868852459017,323.33333333333337,63.703703703703709,10.0,7.0,469.0,23.0,0.14798435658316866,3.56643749219507,2.971275848738105
0x67267b69dc7950fdd49dc0b78a8bdeefa234992190bc3b81e1d1c735086c033a,false,0.00170227395523221,5027.0,34.0,0.0,2.0,11.450819672131148,0.11475409836065574,236.66666666666669,3.0864197530864197,59.0,0.0,25.0,1.0,0.00073865966311024056,3.7013952690139202,1.5440680443502757
0x69e36f30f2a21afb2eb61156ca00f303434ba8868315abec3eb8780b812fe976,false,0.026232887598776983,3306.0,349.0,0.10556563823351482,1.0,10.372950819672131,1.2336065573770492,189.87654320987656,24.320987654320987,85.0,15.0,718.0,6.0,0.011245928341006923,3.5194341949137029,2.5440680443502757
0x69f13f6351489812a9052412e273ba726383744c8c482ac877c6a4e9f3b1d3ad,false,51.515046759081194,707994.0,148498.0,0.20974471535069505,1310.0,1082.561475409836,224.74590163934425,16192.0987654321,3243.7037037037039,11065.0,2732.0,29658.0,189.0,1.7202837565140758,5.8500301906275132,5.1717235291014187
0x6a39702efd7d2658c0b26f05397ea9802317e40404e9c5f3f37ceb9b3dfc71b9,false,1.5591056939766754,252284.0,5314.0,0.021063563285820742,17.0,812.96311475409834,12.290983606557377,19099.135802469136,232.22222222222223,22314.0,162.0,3006.0,11.0,0.40808822311380472,5.4018914296262261,3.7255032688593155
0x6aa80764b6082947c3b2de86fe12804eb475b0afb719de50b9eed60b86f20535,true,0.31938364538084119,31303.0,7051.0,0.22524997604063507,335.0,101.22540983606558,21.848360655737704,2749.7530864197533,555.18518518518522,260.0,118.0,5427.0,424.0,0.1203710964149846,4.4955998348926238,3.8483123036272846
0x6af74a9a8d1b53bc559f1341fdc76464ad4624641f9c5749ab327040b6319d2a,false,26.150598851749731,814220.0,137605.0,0.16900223526810937,729.0,420.62704918032784,121.80327868852459,6852.83950617284,1911.4814814814815,4959.0,1927.0,17285.0,97.0,1.4337794131197881,5.9107422993041361,5.1386373707460136
0x6b8cc2b8d8f7a051927d058af2e742fb940a248c4de357e2a7a6b58f01831d44,false,0.0048148430738587534,2208.0,519.0,0.23505434782608695,9.0,7.9016393442622954,1.3770491803278688,232.22222222222223,39.25925925925926,0.0,0.0,551.0,34.0,0.0020860418165476436,3.344195715871435,2.716003343634799
0x6bd6aba90e1e5cb41236bc52a96f5ce65686568ff95fe535c865658c73947198,false,1.7632793660045403,27764.0,2130.0,0.076718052153868316,0.0,39.831967213114751,4.0368852459016393,474.6913580246914,47.283950617283949,164.0,49.0,751.0,26.0,0.44142479406632851,4.4434976778085851,3.3285834497142019
0x6c4b5386ddf396c088d3a96a65fb8a928a2a9edeb6eeb46ec6179acb5eaa23fe,true,0.19485238046616313,15303.0,3066.0,0.20035287198588511,3.0,25.918032786885245,5.4508196721311473,515.925925925926,139.75308641975309,280.0,57.0,2037.0,35.0,0.077314253142650113,4.18480495701924,3.4867137759824853
0x6c7990e08e4fbbb37b7df628116d66e53a14dcc3328bbf124be3245bca366068,true,0.0680237301574676,22006.0,189.0,0.0,1.0,77.790983606557376,0.569672131147541,2095.0617283950619,13.950617283950617,1101.0,4.0,120.0,7.0,0.028580902282378556,4.3425608434508316,2.2787536009528289
0x6dde8a1ab47a68ec31d112a28ed9777d5d753b3aee17ea2452bc7d787f944974,false,1.1102610643951452,139080.0,1047.0,0.0075280414150129425,24.0,431.79918032786884,2.348360655737705,11357.160493827161,61.23456790123457,2725.0,8.0,1151.0,3.0,0.3243361860146543,5.1432678046235347,3.0203612826477078
0x702aae08d1f82c410a51fe243bd662d5639543c4706deb3dd2932e5909552afc,false,0.16766471989738382,22773.0,4082.0,0.17924735432310193,7.0,30.622950819672131,7.6721311475409832,761.97530864197529,186.41975308641977,151.0,52.0,1821.0,29.0,0.067318158528493641,4.3574393163138989,3.610979379922997
0x70a31809b59034a137b8ba57b092412879e779f0ea527f091776dca521edc7af,true,7.3421715474993565,540503.0,129814.0,0.24017257998568,2777.0,1563.6598360655737,393.59836065573768,34159.135802469136,6005.8024691358023,11655.0,5694.0,41133.0,969.0,0.9212791163856604,5.7327989122976541,5.1133248776788855
0x7262ed9c020b3b41ac7ba405aab4ff37575f8b6f975ebed2e65554a08419f8f4,false,0.010261230184634696,901.0,131.0,0.0,16.0,2.6557377049180326,0.34836065573770492,59.25925925925926,6.4197530864197532,9.0,0.0,35.0,6.0,0.0044336868109090908,2.9552065375419416,2.12057393120585
0x72723e07fe409557489a6643b43d9493a94c10ba68230b0527f01834cb6a550f,false,26.092793586287041,1036884.0,26677.0,0.025728046724609502,840.0,804.01229508196718,89.27459016393442,21254.444444444445,2229.3827160493829,3858.0,933.0,28947.0,321.0,1.4328537882209647,6.0157305918423374,4.4261532682159794
0x73899e48df9f895ffbffc36d53ce970c1454c8eeb0700ed20f303bf936b6a0f5,true,0.83109070718727285,3835.0,1677.0,0.43728813559322033,67.0,7.5163934426229506,3.6844262295081966,142.3456790123457,63.703703703703709,40.0,30.0,346.0,115.0,0.2627098585863275,3.5838785984986261,3.2247919564926812
0x742a9a3a6a97c94f087aa389617407779349416fd68a05dba1a3ef27bb7ec0e4,false,0.042080211645206561,1043.0,47.0,0.0,2.0,3.372950819672131,0.19262295081967212,98.148148148148152,5.8024691358024691,1.0,0.0,53.0,2.0,0.017901149034690218,3.0187004986662433,1.6812412373755872
0x753735dcf81ae3bd485765a433f7d9fd93f704bc8713d873b4cacfbbec060c0d,true,0.15477697987004146,16468.0,1145.0,0.069528783094486277,3.0,31.827868852459016,2.5942622950819674,463.95061728395063,44.814814814814817,512.0,39.0,852.0,8.0,0.0624981177657822,4.2166672295482091,3.0591846176313711
0x7539f43dc91f9c406c83a06339708e4033cdbf630916c6dfb9de2b5ef811affd,true,11.267553488906714,588988.0,42972.0,0.0729590416103554,1363.0,938.09836065573768,93.389344262295083,21733.086419753086,2212.2222222222222,5073.0,704.0,31767.0,153.0,1.088757960265049,5.7701071839485438,4.6331956733945541
0x75a73ce0588cac3b0ee8953163b64f9449330d39e30efe4288b4f00be04ecc71,false,0.02748661062978535,1268.0,255.0,0.20110410094637224,4.0,3.930327868852459,0.70901639344262291,110.24691358024693,18.765432098765434,7.0,3.0,219.0,11.0,0.011776171212352114,3.1034616220947049,2.4082399653118496
0x7747e26c3538f93bc67d9e13f343464996624e96fe549e3be484e848a1f61732,true,0.075011842946416454,32439.0,3930.0,0.12115046703042634,36.0,98.52459016393442,12.532786885245901,2155.9259259259261,282.59259259259261,1152.0,176.0,4351.0,79.0,0.031413248714830734,4.5110808455391185,3.5945030438200893
0x780cf3d5aa4e3c94b8a4157f4b06a3f92ebcc20813585e20e3fe0271bf76b7a9,false,1.6877964514761938,134455.0,1098.0,0.0081663009928972519,26.0,75.372950819672127,3.4262295081967213,1291.9753086419753,67.777777777777786,86.0,11.0,1850.0,32.0,0.42939637623152793,5.1285801870632275,3.0409976924234905
0x78aa10e4a035b703753c0b399a608d22520a932ae7b7554f6ed148928a0a016a,false,0.010898895470579865,1425.0,842.0,0.59087719298245611,57.0,5.2622950819672134,3.0163934426229506,139.01234567901236,73.209876543209873,18.0,17.0,519.0,136.0,0.004707722025299438,3.154119525515847,2.9258275746247424
0x79159d9bd4981ce68651fb4d585fd5827215309e503f46209adb0ec438f71b30,true,0.18760968844174467,44675.0,2401.0,0.053743704532736428,214.0,26.315573770491802,7.4057377049180326,693.7037037037037,187.90123456790124,61.0,38.0,961.0,327.0,0.074673731884284125,4.6500742822660168,3.3805730030668872
0x79196c0af1a1f78fe5a009a4753c46d2271b17fc2836e1f6635822f8f4cb3b61,true,0.40902196358996523,25015.0,2301.0,0.091984809114531288,174.0,90.8688524590164,7.6844262295081966,2725.9259259259261,228.64197530864197,9.0,2.0,1990.0,86.0,0.14891776286917244,4.3982178682348767,3.3621053192937729
0x79611ec31e5cee4ed9ca01aa92bb709c045ff0e0bc59ad1c03ca1df50fcb5880,false,0.18404556259096347,41252.0,190.0,0.004605837292737322,14.0,122.14344262295081,0.75409836065573765,3253.8271604938273,21.851851851851851,1962.0,1.0,1344.0,1.0,0.073368414550004285,4.6154555367906811,2.2810333672477277
0x797dbac78f23a0c01378b0803063fe70618e7744ca516e5aef1e7ee244fded51,false,0.094140122548515948,24493.0,2229.0,0.091005593434858936,14.0,63.422131147540981,6.4754098360655741,1516.6666666666667,163.20987654320987,416.0,68.0,3062.0,38.0,0.039072944074871045,4.3890597135066951,3.3483048630481607
0x79fa54d6c030c7803827e96933fc93b092f638079c738d13a27a08b3905b95ec,true,13.305819751789212,35069.0,1050.0,0.029940973509367249,22.0,54.110655737704917,2.221311475409836,1205.4320987654321,46.172839506172842,148.0,27.0,239.0,37.0,1.1555127487877859,4.5449357658815028,3.0216027160282422
0x7a13acc03022c7f42347006fd95d2aeeadd0a0e7411ae6405c645814814fd093,false,0.1745454410052539,6839.0,517.0,0.075595847346103237,29.0,9.8319672131147549,1.290983606557377,203.45679012345681,32.716049382716051,9.0,1.0,312.0,24.0,0.069869823494278366,3.8350561017201161,2.7143297597452332
0x7d7720ffd4c1ba8e67473a24a14ab4fab47486102436e14edf63ed2070669d49,false,0.25712846727810951,9420.0,32.0,0.0,2.0,16.352459016393443,0.0778688524590164,385.18518518518522,2.0987654320987654,18.0,0.0,9.0,1.0,0.0993796609629166,3.9740970037941312,1.5185139398778875
0x7fd77f963d3383d7aa4dd67652c6554ce6f0661aad01afdbeaef33c3e5957a69,true,0.32640731193667039,75928.0,5794.0,0.076309134969971548,20.0,244.58196721311475,20.16393442622951,4734.9382716049386,290.8641975308642,713.0,0.0,7279.0,46.0,0.12267690729922852,4.8804076801710581,3.7630534402996147
0x8016ec0d5302d0347a567897083883e11e112d7ed17319f88682213470a3ac49,true,0.80493559887378641,30155.0,591.0,0.0,6.0,16.852459016393443,1.1598360655737705,192.59259259259261,18.395061728395063,107.0,13.0,271.0,23.0,0.25646171064460593,4.4793737346402009,2.77232170672292
0x808b31862cec6dccf3894bb0e76ce4ca298e4c2820e2ccbf4816da740463b220,false,0.025676242805614442,2125.0,290.0,0.0,1.0,6.168032786885246,0.61475409836065575,177.16049382716051,13.950617283950617,5.0,3.0,142.0,6.0,0.011010296300192974,3.327563260187278,2.4638929889859074
0x83dcff4c909bbcc0a141c180a7a282180e14dbc11f3de8d288932a6b017cb86a,true,0.56418942876845413,5609.0,2136.0,0.38081654483865218,50.0,11.39344262295082,3.819672131147541,260.12345679012344,76.666666666666671,50.0,21.0,944.0,30.0,0.194289346477787,3.7489628612561612,3.3298045221640695
0x848488156d9bfc5356583da57253193a258acebcdbc3ba2a10dc8ef81bd815fe,true,0.014105378309022223,11007.0,899.0,0.0816752975379304,32.0,44.110655737704917,3.651639344262295,1323.5802469135804,109.50617283950618,0.0,0.0,2104.0,27.0,0.0060830860034781576,4.0417084208914362,2.9542425094393248
0x850df51e29f2846a5f085d88e6b6fc13fad51ad7161f8a825ed09d470668161a,true,6.9964405291613687,354541.0,81055.0,0.22861953906600366,1631.0,748.25819672131149,162.85655737704917,13889.382716049384,2152.4691358024693,4252.0,1304.0,13256.0,1252.0,0.90289671167342389,5.5496676902603994,4.9087851681104535
0x8595f830f4d1716621d19bca6394f304837133fb473d8fcd1699e84402df1409,false,7.4550044314487609,426068.0,9261.0,0.0217359670287372,178.0,500.34836065573768,13.131147540983607,9590.8641975308637,250.61728395061729,3845.0,119.0,6451.0,25.0,0.92711383955685212,5.6294799368789246,3.9667047766578745
0x87c29aa0ad226c7f20cf3f37842ced2a795ad38a03a18f0829d1c09dbc77f51a,false,0.36737233576934053,1632.0,75.0,0.0,1.0,2.9057377049180326,0.26229508196721313,78.641975308641975,7.0370370370370372,2.0,0.0,44.0,4.0,0.1358867891487372,3.2129861847366681,1.8808135922807914
0x87d49ebca1bda6345aada7953ff55aa18acd69bf97caecdcedfac93b506ef0d6,false,0.73638637493917658,14895.0,26.0,0.0,1.0,8.4508196721311482,0.073770491803278687,74.938271604938279,2.2222222222222223,3.0,0.0,30.0,0.0,0.23964636936203951,4.1730696636372677,1.4313637641589874
0x8809b8e6597cfc24a10313db53a1e7b102790160cb803bc47e07848b14fd0b5e,true,0.24515324924733928,38783.0,7682.0,0.19807647680684837,64.0,15.233606557377049,6.7950819672131146,302.962962962963,110.37037037037038,45.0,30.0,649.0,222.0,0.095222806216178124,4.5886525981501736,3.885530833188092
0x89216c66f45f82595fddb810c78df46fcee9be72181e9c92b26b0ce31bd6f413,false,1.3211174905430294,25471.0,2703.0,0.10612068627066075,3.0,40.307377049180324,5.9959016393442619,737.90123456790127,143.95061728395063,288.0,56.0,1778.0,25.0,0.36569712417116329,4.4060630460575751,3.4320066872695985
0x892cf9449b4046f9b68efe6ffccfcd8df1322b1a9ffc65a2bbfe1207c4ceba8d,true,0.084949823196264387,28751.0,0.0,0.0,0.0,2.1188524590163933,0.0,6.666666666666667,0.0,7.0,0.0,2.0,0.0,0.035409653380049304,4.4586680597648982,0.0
0x895299e2f466a5b500fbd80b8da1d2d2a9be6a71bcf772aed795aa0457e8baaa,false,7.6514212112340054,212605.0,44759.0,0.21052656334517061,517.0,360.54508196721309,140.90163934426229,4067.7777777777778,1039.5061728395062,2004.0,723.0,9975.0,47.0,0.937087457001988,5.3275755166789152,4.650890077856312
0x8967594d2978692a35fea137ba640bb42f11cad907ca6b0bd01f3718fc4c7f5b,true,0.011571433735850019,1221.0,718.0,0.588042588042588,8.0,2.360655737704918,1.1598360655737705,49.012345679012348,23.333333333333336,25.0,13.0,57.0,67.0,0.004996556589667257,3.0870712059065353,2.8567288903828825
0x89d5dbc8003e6b6919273e991bba7d6a951491a408e47978a22baa046d225941,false,15.109398772256107,823102.0,48768.0,0.059249035963951008,672.0,462.22131147540983,90.204918032786878,7953.8271604938273,1492.2222222222224,3958.0,880.0,17373.0,105.0,1.2070793321781261,5.9154541845837176,4.6881438505488262
0x8a0f263d8dca18ceca0615836a5401c9dd31c7141ee439cd7020b4907e0b6c2e,true,7.193539600482e-05,40.0,0.0,0.0,0.0,0.0040983606557377051,0.0,0.1234567901234568,0.0,0.0,0.0,0.0,0.0,3.1240021920210092e-05,1.6127838567197355,0.0
0x8b480f19bf914a4f811346b85a9410af55aa52622b745cbc46d4507c28838821,false,0.24833382727610256,41125.0,5112.0,0.12430395136778115,290.0,147.09016393442624,14.438524590163935,4253.8271604938273,345.80246913580248,112.0,69.0,2756.0,376.0,0.096330739158207335,4.6141164711817826,3.7086757927265368
0x8c0d39ff0da67bf02e286f0d9e92da3470476333f185cc72c1db4923ace41901,true,0.062173944404483768,9287.0,4196.0,0.45181436416496179,341.0,30.389344262295083,13.340163934426229,878.76543209876547,380.24691358024694,29.0,22.0,4874.0,120.0,0.026195643778519372,3.9679222067305173,3.62293896921149
0x8e60d35b5b545cfb3a2264c6f95024c0359b00a3febcb7a56967934ce917783c,false,13.29184986021756,200625.0,49889.0,0.24866791277258568,2256.0,660.22950819672133,151.6844262295082,16443.827160493827,3072.2222222222222,1703.0,1007.0,18961.0,1372.0,1.1550884451723333,5.30238721445125,4.6980135039391815
0x8fa98773f72474172c2fe75fb7ad3ae2274edd1bc1635b77dd175259dbfde5bd,true,0.48804134835276813,1579.0,68.0,0.0,1.0,3.1475409836065573,0.040983606557377046,74.320987654320987,0.98765432098765438,27.0,1.0,6.0,1.0,0.17261499916143863,3.1986570869544226,1.8388490907372552
0x9102357674825ed224734387fbefbf41c16fe5d9764c2f7f3e897ad3325d3990,true,151.94804428677762,7188671.0,1530701.0,0.2129324043345425,13880.0,15854.868852459016,2889.0163934426228,250599.87654320989,22738.395061728395,283629.0,31707.0,71681.0,3172.0,2.1845439281275567,6.8566486683604859,6.1848906496449407
0x91a4420e2fcc8311e97dad480f201a8ce221f2cd64c2de77280cbcc6ce193752,true,106.91787458274658,5441875.0,1586672.0,0.29156715286551049,4613.0,6498.1557377049185,2031.6188524590164,60444.320987654326,10846.666666666668,59079.0,18293.0,57146.0,425.0,2.033093383420014,6.7357486416096153,6.2004874315257652
0x91b002c41ae45979dda4d66becc0d83fe92a20af00b59c1c5ab443492b896a0b,false,1.0205613209775257,108771.0,269.0,0.0024730856570225521,2.0,196.422131147541,0.58606557377049184,3348.3950617283954,14.444444444444445,276.0,1.0,285.0,2.0,0.30547203515879529,5.0365171140156608,2.4313637641589874
0x928dcd931ff2bc44a5d3b15c500adfbf8d3e3a89e4936823e0b3f053c38f978c,false,1.001449602455071,21095.0,8029.0,0.3806115193173738,538.0,82.180327868852459,31.905737704918032,2298.5185185185187,909.38271604938279,111.0,48.0,9449.0,788.0,0.301344658817227,4.3242001167853781,3.9047155452786808
0x935315db8c17993464cfb28337442ad60c6cd434305130a1d5d898e92d6d8123,true,0.021006345060047803,1322.0,730.0,0.5521936459909228,27.0,2.5,1.0860655737704918,60.246913580246918,24.320987654320987,9.0,7.0,183.0,48.0,0.0090284410252095791,3.1215598441875008,2.8639173769578603
0x93decae913f62c0a86519d0b0798e4a10c46c541bfc14dcff0193d6b026e9532,false,0.033121821367048061,3480.0,342.0,0.0,9.0,8.10655737704918,0.78278688524590168,168.64197530864197,13.580246913580247,66.0,10.0,59.0,15.0,0.014151534712377246,3.5417040232842885,2.5352941200427703
0x941cd8e246098a5392e47379f6353f6e37c769b022546b640aa5c6c78f91119e,true,0.031444724278330123,1764.0,612.0,0.0,9.0,2.7254098360655736,0.94672131147540983,44.691358024691361,16.913580246913583,26.0,8.0,32.0,37.0,0.013445958839331236,3.2467447097238415,2.7874604745184151
0x945e356d400d37b4cd548ca3b53d4ee41a075c8b4befd0b8589947b6d8721ad4,true,102.91619866839403,697405.0,51998.0,0.074559258967171152,30.0,441.43852459016392,48.778688524590166,3370.6172839506175,428.27160493827165,3240.0,415.0,3245.0,99.0,2.0166832515413424,5.843485679426081,4.7159949917375323
0x9da706c1c51cd59ee70b5814c10246ed1a786cb1a77339e84d96ed006b5792ce,false,2.8536620144395219,327180.0,46542.0,0.14225197139189438,1585.0,1110.97131147541,171.06967213114754,22578.765432098768,3241.9753086419755,9477.0,2320.0,32479.0,666.0,0.58587362217709016,5.5147880754554466,4.6678543729656479
0x9ee9c906642c79f905691d25a3bac3627b2f709e8bc20883afda1c4f2b76ef7e,false,0.428838196484861,38876.0,716.0,0.018417532667969957,21.0,99.741803278688522,1.5573770491803278,2705.3086419753085,38.02469135802469,281.0,6.0,1040.0,1.0,0.15498305149749092,4.5896927445846414,2.8555191556678
0xa03ec02831ddba6f92dee26ff03642e07aa6085c3c6e2b403119dde5566fa740,true,0.017489477526092562,1158.0,14.0,0.0,1.0,3.0245901639344264,0.05737704918032787,64.5679012345679,1.3580246913580247,16.0,0.0,5.0,2.0,0.0075299266186495822,3.064083435963596,1.1760912590556813
0xa08c7ab7824d147d6cb87ffb4e86cec454a030d48b8c395bad6d64456be3d911,true,0.065094208971048964,2404.0,179.0,0.0,2.0,6.0942622950819674,0.32786885245901637,162.71604938271605,7.6543209876543212,12.0,3.0,72.0,11.0,0.027388023386729632,3.3811150807098507,2.255272505103306
0xa20b4eaab24516b287792b0d45c2cb890561f2db5910a6b9a2507bb4c8d84455,false,0.031378013062137833,3922.0,929.0,0.23686894441611422,64.0,11.360655737704919,3.7336065573770494,313.7037037037037,99.629629629629633,12.0,7.0,644.0,37.0,0.013417868870611077,3.5936183081295359,2.9684829485539352
0xa2a580dae44336df1cbcb7a5303880f393068fb96116e10e180e10f5745dccd4,true,3.6973493115102514,137549.0,25467.0,0.18514856523856954,820.0,215.78688524590163,51.348360655737707,6163.4567901234568,1435.3086419753088,129.0,68.0,20237.0,268.0,0.67185285705797793,5.1384605947257027,4.405994841191804
0xa45ebed9267cf10226c68abc98b1871bdfa611ee51050c161e316be1dbf7e696,false,0.0048406400800429265,220.0,87.0,0.0,4.0,0.77459016393442626,0.25,22.469135802469136,6.9135802469135808,3.0,3.0,74.0,7.0,0.0020971914862596007,2.3443922736851106,1.9444826721501687
0xa47182d330bd0c5c69b1418462f3f742099138f09bff057189cdd19676a6acd1,true,11.586571262440055,352440.0,13.0,0.0,1.0,4.6639344262295079,0.040983606557377046,18.148148148148149,0.617283950617284,9.0,1.0,5.0,0.0,1.0999074390351138,5.5470864248195051,1.146128035678238
0xa4d3729a488eeabcc3a59de70b760391db50e9bf488d5942e704089c58825c24,false,0.10923371292626104,2520.0,1027.0,0.0,4.0,3.528688524590164,1.0737704918032787,60.74074074074074,7.5308641975308648,3.0,1.0,100.0,15.0,0.045023060613130869,3.401572845676446,3.0119931146592571
0xa8213245a57be579692ead3a2381364f5942a68afd17b41a3ec1079e50af1a26,false,0.0059604183361667137,17607.0,5435.0,0.30868404611802125,267.0,44.606557377049178,16.307377049180328,1289.8765432098767,484.19753086419757,12.0,0.0,6790.0,44.0,0.0025808928109886456,4.2457100295452914,3.7352794480604565
0xa88844cea135382e3484e39c3172033437121b35ca0bc8b10b9b8253984876b5,true,4.8070746236631132,89280.0,10664.0,0.11944444444444445,119.0,88.6311475409836,28.377049180327869,1967.7777777777778,630.61728395061732,108.0,65.0,6163.0,268.0,0.76395740695925418,4.9507590459757811,4.0279608597854475
0xab1ddf597f6539acc5ad601c2a6d2899c0475cfd9cc3b837939b1084ba5d7a36,true,0.45956832190869779,28625.0,10667.0,0.372646288209607,238.0,64.622950819672127,24.581967213114755,1489.7530864197531,597.65432098765439,411.0,176.0,6351.0,46.0,0.16422442898039874,4.45676066694257,4.0280830070178384
0xad43dc524ae73ce9398d0378c5ba9fa53c3394ac9e90f7b60df7b4a7d028f476,true,0.097316876534718391,14422.0,1750.0,0.12134239356538622,9.0,48.598360655737707,5.9672131147540988,1209.5061728395062,161.4814814814815,164.0,46.0,1391.0,83.0,0.040332058621522136,4.1590556035134876,3.2432861460834461
0xae07bfec2c3c90937679f8c8c5c32e80407c09903aa03d1b5e5a075e67592b86,false,0.17172517093963971,38731.0,3854.0,0.099506854974051789,50.0,137.11885245901638,13.651639344262295,3592.0987654320988,300.0,1107.0,211.0,3995.0,73.0,0.068825759514071827,4.5880699231812239,3.5860243823869755
0xaec46d1927be76868345f3c076c66b9991d6e2cb1f0589dabd768cf14638b34e,false,0.15373270464620931,3618.0,336.0,0.092868988391376445,23.0,9.9385245901639347,0.96721311475409832,228.64197530864197,22.345679012345681,20.0,4.0,216.0,15.0,0.062105203669493056,3.5585885831081994,2.5276299008713385
0xaf344305f30af57f984af95f7c8570fdfcf7520b55e605bb34095ba49f8a385a,true,0.17173412820071565,16910.0,5907.0,0.34931992903607334,343.0,49.5,16.889344262295083,1217.7777777777778,381.97530864197535,139.0,76.0,2586.0,231.0,0.0688290794685167,4.22816928953985,3.771440486639912
0xb0c8fe8e359a91bc2fa4b7498e2c7f6a50f730ee1dc821bee016a4b7feb7639e,false,0.16576893571707277,7204.0,884.0,0.12270960577456969,7.0,11.934426229508198,1.1639344262295082,283.58024691358025,23.827160493827162,1.0,0.0,375.0,17.0,0.066612478478360007,3.8576339851500081,2.9469432706978256
0xb41e32621e56fbe7d89052f3c852ff70c6bfe21ba5a91910ef2fd548eb6e4e8a,false,0.20620639605986207,4661.0,457.0,0.098047629264106415,11.0,5.4139344262295079,0.62295081967213117,140.37037037037038,16.049382716049383,0.0,0.0,136.0,6.0,0.081421627041698461,3.6685722691845579,2.6608654780038692
0xb6266f3d955040aa7583f2f346db87abe0649f545389af3cc8fe302aacfc850b,true,0.19781277136202544,11384.0,3240.0,0.29037461910736689,219.0,38.524590163934427,11.254098360655737,1016.5432098765433,267.28395061728395,131.0,62.0,2321.0,382.0,0.078388939322981022,4.0563330349511615,3.51067903103221
0xb908ea18fd164cf089649ba95887c221f5e8b93a08235dff43e33bd6617239dc,false,0.024270149649836929,1049.0,0.0,0.0,0.0,0.86475409836065575,0.0,1.9753086419753088,0.0,1.0,0.0,1.0,0.0,0.01041451623822494,3.0211892990699383,0.0
0xb926ab918147d2264dba94a429eb07986aa533fd6062a78736d3eda4e0b4a69b,false,0.042371160444392417,1381.0,497.0,0.35988414192614049,0.0,2.721311475409836,1.1024590163934427,63.580246913580247,24.074074074074076,7.0,3.0,299.0,9.0,0.018022387131692873,3.1405080430381798,2.6972293427597176
0xb98778ca9ff41446e2bc304f7b5d27f0fa7c2bcd11df19e22d1352c06698a1f6,true,203.22877421575032,2455463.0,11.0,0.0,0.0,236.15983606557376,0.032786885245901641,420.37037037037038,0.86419753086419759,418.0,0.0,2.0,4.0,2.3101169307124603,6.3901335712446707,1.0791812460476249
0xb9b7f1175044c211555b5589ee389263d2e455f99c1505e6b121cf6e3f5caaff,false,0.048740851823675782,1777.0,577.0,0.32470455824423183,21.0,5.1475409836065573,1.6762295081967213,122.22222222222223,38.765432098765437,18.0,10.0,324.0,37.0,0.020668185498425067,3.249931756634195,2.761927838420529
0xbcb5c437d5347be21add3972512679054416805274f80e85ab8053ae79340a69,false,73.222225702898527,790452.0,147268.0,0.186308593058149,1613.0,1272.6803278688524,246.46721311475409,22315.925925925927,3961.3580246913584,18500.0,4063.0,33550.0,209.0,1.8705339734026074,5.8978760520702807,5.1681113378417605
0xbdca9dd029e6fcfbe269429f1db7a0e7f73334e253995f68146fc88fc17cdb3f,false,0.051228670988632874,7900.0,1039.0,0.13151898734177214,28.0,26.127049180327869,3.6475409836065573,560.98765432098764,79.135802469135811,236.0,44.0,1503.0,37.0,0.021697197233162352,3.89768206179642,3.0170333392987803
0xc0901c8f9503f0bf91a1cca0c6c90e55af8719cc2237fb4a0bf0770b307cbd11,true,1.7435659943012873,270552.0,70730.0,0.26142848694520832,389.0,699.04508196721315,158.93032786885246,3404.4444444444448,1020.246913580247,2490.0,770.0,6033.0,638.0,0.43831541126662521,5.4322523539264171,4.8496097982126871
0xc13c7f458b87400b3d435c48c9536276073ba4c2038bac2af8d9c40a6a9dcd14,false,0.33330379185390113,6805.0,526.0,0.077296105804555468,5.0,20.651639344262296,1.6885245901639345,506.66666666666669,42.098765432098766,31.0,9.0,392.0,18.0,0.12492911422557373,3.8328919447597904,2.7218106152125467
0xc30088981419c79a913acb4d63a47fa6813a00d7419cdcfefde4a0f89b24b864,false,3.0422330644930002,122851.0,11498.0,0.093593051745610542,1.0,82.622950819672127,13.581967213114755,1474.8148148148148,230.98765432098767,462.0,94.0,2008.0,40.0,0.60662135017512442,5.0893822310797834,4.0606600739740148
0xc7bd0b2faaf873e06066c2a986c2b657ee4c9b31a61bfb5e91825e1dee546dbc,false,3.2656310836209048,69540.0,16927.0,0.24341386252516536,1235.0,240.48770491803279,52.286885245901637,6069.8765432098771,1237.2839506172841,1735.0,537.0,6867.0,312.0,0.62998329244584583,4.8422409315494157,4.2286056503550915
0xc8aefb795901b721da74124680a1ab4021a8753f474daaf351667c974d8bc72d,false,0.10770574112536549,13195.0,3479.0,0.2636604774535809,93.0,29.385245901639344,9.65983606557377,650.74074074074076,170.0,25.0,23.0,1252.0,212.0,0.044424406621479916,4.120442306873306,3.5415792439465807
0xc935089f9c7b01bef6ca8deade91e04ffa79f7e6fbe7141d4c30c3a76a855e5d,false,0.4077252501238004,15630.0,1319.0,0.084388995521433141,3.0,26.799180327868854,3.180327868852459,388.27160493827159,56.049382716049386,205.0,29.0,1175.0,20.0,0.14851790054570488,4.1939867630856948,3.12057393120585
0xc938557155993da8f33857e52d7deb04421d1bb341fc24216563aae64fe32d36,false,7.8680285752857673,12494.0,180.0,0.0,1.0,5.5368852459016393,0.58606557377049184,125.80246913580247,12.839506172839506,8.0,2.0,137.0,4.0,0.94782708386384573,4.0967362604624684,2.2576785748691846
0xc9976099df2ee3d1b71e966f8e80ef907846f36152f2e5957fb31890f18cf76f,false,0.2073963651901051,33139.0,2926.0,0.0882947584417152,12.0,121.68032786885246,10.889344262295081,2020.1234567901236,198.14814814814815,403.0,20.0,3053.0,57.0,0.081849864096337516,4.5203525040833181,3.466422722433792
0xca3f26e1c876e821d2384a5cb699c6be494f9810301c2e2be49c232656262642,false,26.53959742162732,789210.0,18204.0,0.023066104078762306,281.0,1524.0532786885246,29.78688524590164,32173.456790123459,516.04938271604942,16562.0,275.0,11359.0,62.0,1.4399575873790136,5.8971931298062161,4.260190683269963
0xcbfdcf8f724d73504d1518d5ecd7d7256b12d37e68cd84569b383bfb6e2eeea4,false,4.4115997015285267,2559757.0,288601.0,0.11274546763618577,1507.0,8389.13524590164,961.13114754098365,64144.1975308642,4224.3209876543215,52520.0,4777.0,34050.0,144.0,0.73332566415490863,6.4081989089710234,5.4602993364108166
0xcf10a15439ef8c56e1b6c22641544012bfd032c7b584d1160a7d743cb770875b,true,161.60047660916325,488457.0,61656.0,0.12622605469877593,395.0,953.655737704918,148.82377049180329,13728.395061728395,2220.6172839506175,10456.0,1988.0,16650.0,281.0,2.211121814249601,5.6888272269034807,4.7899823897524429
0xd2c16680d3c90d9a121723d437ee7aaf7a13ec5e0c72a0ab032fc1ee8b928105,false,0.12787803947689461,2859.0,128.0,0.0,1.0,7.2254098360655741,0.36885245901639346,127.65432098765433,7.283950617283951,40.0,2.0,339.0,1.0,0.052262140741461176,3.4563660331290431,2.1105897102992488
0xd3d00c946f62ac8cf49a85e3ab7d295d3b56f68d0b9f1fa4d595742fa372cf78,false,3.8447452956272854,531322.0,71470.0,0.13451353416572248,1590.0,808.17622950819668,112.10245901639344,19645.555555555555,2698.7654320987654,3881.0,996.0,34480.0,154.0,0.68527094968166968,5.7253586161297312,4.8541298586569752
0xd4f0252e6ac2408099cd40d213fb6f42e8fa129b446d6e8da55e673598ef14c0,true,14.991000846472197,699739.0,12099.0,0.017290732687473474,159.0,1041.795081967213,17.819672131147541,22317.654320987655,270.24691358024694,5844.0,132.0,6990.0,49.0,1.2038756462664026,5.8449367006703881,4.08278537031645
0xd54e1032bf16d649f8f8f0a7da42a249966ad4a270b4c17b24ded1e32c97b2bf,false,20.315288932905496,1807419.0,83189.0,0.04602640560932468,816.0,3514.622950819672,159.5,52436.419753086418,1645.3086419753088,41931.0,838.0,24991.0,319.0,1.3286912239695938,6.2570590836553928,4.9200711242975244
0xd5b4c54b12bf86f6eb67fec81032809a16ff1c4b4c7f0d5898fc86367db86ca6,true,70.4188196085405,2507660.0,115704.0,0.046140226346474404,1184.0,4711.5,247.13934426229508,91704.320987654326,3729.62962962963,66458.0,3751.0,39593.0,370.0,1.85381266801115,6.3992688257071908,5.0633521266742259
0xd61084147c0e08c9a304348584c6bd0e9974a4073bff55f6b1728730b6ce07f7,true,3.9705982655102878,121976.0,34657.0,0.28412966485210206,374.0,307.77868852459017,92.4672131147541,6000.37037037037,1439.8765432098767,3755.0,1367.0,8800.0,245.0,0.6964086639391508,5.0862779477668232,4.5398034973846775
0xd765664dd27255f1ba341fbb3375439a57fb6a92313df2f7af7856233f415ed7,true,1.1390575959349538,69110.0,653.0,0.0094487049631023015,47.0,24.418032786885245,1.6721311475409837,636.54320987654319,43.086419753086425,32.0,7.0,240.0,49.0,0.33022247847520797,4.839547177028293,2.8155777483242672
0xd7a8e115b2b3772d7d5656d7798e349dcdedf2463302c78528c9e9686ab4efe3,false,0.37471635939842496,32761.0,5258.0,0.16049571136412197,29.0,45.950819672131146,6.5081967213114753,1175.1851851851852,147.77777777777777,208.0,48.0,2152.0,6.0,0.13821310088973066,4.5153704059837159,3.7209031708134575
0xd9bec9d0ab1167eb2d3618afac3145cb8a88b60d64b119c2b4cc8d822f4b8208,false,0.015783205919239148,1856.0,503.0,0.27101293103448276,4.0,4.8770491803278686,1.459016393442623,99.753086419753089,28.888888888888889,26.0,9.0,313.0,7.0,0.0068010283026836106,3.2688119037397803,2.7024305364455254
0xda73a17b6b38aafcdcd684f5e10dbb5aad0b114ced4bf87c91afadf362df17f3,false,0.088242136886214032,3517.0,980.0,0.27864657378447538,15.0,7.0122950819672134,2.1762295081967213,97.1604938271605,26.543209876543212,23.0,15.0,227.0,36.0,0.036725537837922005,3.5462958351214424,2.9916690073799486
0xdbfb85445c76c4dc1f6f3992098713ba07857f3417951184bfb6a7e65f14807c,false,0.0026221915811461376,348.0,126.0,0.0,1.0,0.73770491803278693,0.28278688524590162,12.962962962962964,4.6913580246913584,5.0,1.0,48.0,3.0,0.0011373128588998153,2.5428254269591797,2.1038037209559568
0xdc8c675a16e135a3518852b240cde44e9105622473623bf86725a9abb8d18847,false,0.65345746632804724,53064.0,6707.0,0.12639454243931855,108.0,104.51229508196721,12.225409836065573,2700.7407407407409,299.75308641975312,181.0,32.0,3917.0,11.0,0.21839302756746493,4.7248081685657191,3.8265930539340482
0xdd35cc4641c3c35bee5782fc0442b2a1b88a058ec0a7b90ba32c70347e4e9194,false,0.68376744285493807,4162.0,642.0,0.154252763094666,3.0,8.39344262295082,1.5040983606557377,137.03703703703704,25.185185185185187,24.0,6.0,261.0,9.0,0.22628210779349786,3.6194064108867772,2.8082109729242219
0xded5569a48e46a8b71d2b347d90b0319a7dc8f2f599fcf902afb032877b5561e,false,0.26254055855614367,11547.0,8648.0,0.76173698581872629,114.0,14.618852459016393,10.340163934426229,125.92592592592594,86.172839506172849,4.0,3.0,383.0,123.0,0.10124533853263749,4.062506775208683,3.93696589710787
0xdf3eb6b429b2150c71241de0c591b18c98a3528ad0e8d838d069b6fff291d803,false,1.9588143598524e-05,3.0,0.0,0.0,0.0,0.012295081967213115,0.0,0.37037037037037041,0.0,0.0,0.0,0.0,0.0,8.5069393582460576e-06,0.6020599913279624,0.0
0xdfad16356f7cf4f0550787eae192ef0d7a8bde878b765e8fa302dc7e20ff360c,false,0.32970252683776791,30454.0,5182.0,0.1701582714914297,56.0,89.139344262295083,14.516393442622951,592.59259259259261,90.493827160493836,636.0,89.0,533.0,56.0,0.12375449404775415,4.48365860383744,3.7145812088395314
0xe13ef8130233ba5feca029110f3abf30cb33f7efe2d915ba7e536200b67fe0bf,false,0.014531279162390678,1983.0,226.0,0.0,3.0,4.9836065573770494,0.54918032786885251,131.85185185185185,13.827160493827162,12.0,3.0,115.0,12.0,0.0062654413725307181,3.2975416678181597,2.3560258571931225
0xe173916be16955177d6b6380f50cc2e943e906c3e337736b361b5dbe477e7685,false,0.30101144389563184,36643.0,1773.0,0.048385776273776708,15.0,25.66393442622951,2.1434426229508197,479.50617283950618,44.444444444444443,49.0,5.0,210.0,14.0,0.11428111669906951,4.56400287446935,3.2489536154957075
0xe20f59eb1c8f9cb72e07b8d0f067bac997614fd6db06d8c031c5c9235f760dcc,true,5.2258524410773077,492017.0,4142.0,0.0084184083070300425,112.0,1150.9918032786886,9.28688524590164,25075.432098765432,218.64197530864197,10755.0,52.0,4960.0,23.0,0.79419882325537816,5.6919809912992267,3.6173149332982937
0xe2cffffc3c00303412781c879691480a5e6e91f936ca073321babb01c6969080,false,1.0939066930759236,102023.0,13440.0,0.13173500093116258,988.0,83.520491803278688,39.01229508196721,1627.6543209876545,660.0,502.0,357.0,3477.0,388.0,0.3209573251054284,5.0087023466787288,4.1284315810932464
0xe434930e189c807b137ff0d8e2fa6a95eaa57dde574143a02ca0d7fb31a40bea,true,0.019131157377736543,3728.0,1902.0,0.51019313304721026,4.0,5.9590163934426226,2.692622950819672,102.09876543209877,39.012345679012348,100.0,41.0,104.0,33.0,0.0082300792566259284,3.571592383361307,3.2794387882870204
0xe5c133e05956a3939b9a78f4ad5d0a897a027da60a7d5e1b6276a2266211f69f,true,2.9013826212675049,168301.0,2236.0,0.013285720227449629,12.0,58.688524590163937,3.3811475409836067,617.530864197531,47.777777777777779,437.0,32.0,869.0,20.0,0.59121854507119642,5.2260892769015692,3.34966598409663
0xe85701181a20c498c1521e35d203247a7ed0a54e496d52119eccc2e28e8cf078,false,0.063702637304046655,5472.0,677.0,0.12372076023391813,75.0,11.295081967213115,2.5245901639344264,325.4320987654321,70.0,11.0,8.0,495.0,42.0,0.026820236015857379,3.7382254481425052,2.8312296938670634
0xe8e098fcf95bef2c282b75014bf8ea46231896a4ba19fc17be3bc186d43dbb07,false,1.1937225867385752,50817.0,3696.0,0.072731566208158682,5.0,63.213114754098363,5.35655737704918,478.27160493827165,42.345679012345684,399.0,43.0,512.0,4.0,0.34118170680018811,4.7060175688990071,3.5678494505731067
0xeb377d41abbae2f67ac73ca422839208377f5823d189b3435874946e194324ea,false,10.834189258979803,741695.0,32263.0,0.043499012397279206,1617.0,1854.3647540983607,97.713114754098356,43406.419753086418,2500.2469135802471,19605.0,741.0,36824.0,145.0,1.0731385104770188,5.87022593684837,4.5087182089995625
0xeecfa614f020c2ea4c2eb431246befedf35ddc6c52cfaa83d0c4caf2f580f9f4,false,0.74508250818932309,46623.0,3018.0,0.064731999227848919,243.0,123.62295081967213,9.971311475409836,2826.0493827160494,218.51851851851853,274.0,34.0,2945.0,203.0,0.24181596539504155,4.6686095300898964,3.4798631130230979
0xefaeef1446de875ab6e50d31c8dbe776f99d884cb8cb68d50b1384067e4aeb6b,true,9.8053985877602212,290932.0,34607.0,0.1189521950146426,1674.0,513.88524590163934,116.73770491803279,13024.074074074075,2803.8271604938273,1643.0,484.0,30512.0,753.0,1.0336407916979324,5.4637929852727094,4.5391765020950166
0xf0e2abf650dc97b4223f82ef94fc6251942fff0f4d75d49d63a4017610045907,false,12.139138834893512,274821.0,14940.0,0.11431369698453628,553.0,901.31967213114751,54.754098360655739,23861.975308641977,1431.851851851852,5662.0,946.0,10544.0,124.0,1.1185669016385402,5.4390514958408058,4.1743796657489867
0xf1358b33be174954b454aebca311fc83753dc1d8c743e25c829091ccd69fedd0,false,0.0086750032926661575,558.0,118.0,0.0,10.0,2.0450819672131146,0.41803278688524592,56.419753086419753,10.74074074074074,5.0,3.0,92.0,10.0,0.0037512583948426368,2.7474118078864231,2.075546961392531
0xf1d424db61a36ef7e1bef62f6c62f00b2e5ff74ce12c9ca3d11d3dc39e7f14ea,true,0.28224221081698586,19413.0,8536.0,0.4397053520836553,563.0,66.540983606557376,26.635245901639344,1869.1358024691358,720.246913580247,68.0,50.0,8555.0,352.0,0.10797006955531795,4.2881150252881035,3.9313052814216731
0xf1d9b05abe0f41beab3e5f4b829afd9a7ba3679829d4be72c45e0d340f7bffaa,true,20.654253070875587,140252.0,2460.0,0.017539981889612196,71.0,21.270491803278688,7.5,383.45679012345681,126.17283950617285,80.0,54.0,813.0,241.0,1.3355432080246858,5.1469121595503831,3.3911116137028023
0xf234dd929b802645332b513bc9ecc47d83ea513fff791f3a9c6788bbd8229db0,false,0.983495588666741,29339.0,421.0,0.01434950066464433,7.0,20.479508196721312,0.77868852459016391,524.69135802469134,18.888888888888889,19.0,2.0,329.0,2.0,0.29743123893176115,4.4674601095072637,2.6253124509616739
0xf24315614063278ba3543e1717791132a9afa79b0e65baa01a85bcccbdfa215f,false,89.147954191912746,1472362.0,82158.0,0.055800136107832174,758.0,1353.2868852459017,174.74590163934425,21623.580246913582,2192.0987654320988,10166.0,1797.0,20639.0,223.0,1.9549558753374576,6.1680148952336538,4.914655144596952
0xf7669f10edbb4ca465f6a6b5ec7e90521a0011e8b3233c43e3cd0dd22633d67f,true,27.986195632593947,156601.0,60.0,0.0,2.0,2.7131147540983607,0.22950819672131148,24.197530864197532,6.7901234567901234,2.0,0.0,71.0,0.0,1.4621912190048256,5.1947973042316136,1.7853298350107671
0xf900c29f3adf3153dbfbd974303e590850c0d2ced1966490c705290a63ffea1b,true,4.3887047714885883,114213.0,6007.0,0.052594713386392093,63.0,262.05737704918033,17.450819672131146,5127.4074074074078,360.74074074074076,1935.0,232.0,7310.0,65.0,0.73148439075401361,5.0577193416514232,3.7787299239961119
0xf9a4e3b240bf6d40ee533e5ed63a8288b1a739ee382b1f23ccc5229b7bc8a498,false,0.2719980215334486,5096.0,670.0,0.0,3.0,8.2991803278688518,1.3360655737704918,108.0246913580247,17.777777777777779,88.0,13.0,148.0,16.0,0.10448643581100028,3.7073146335887079,2.8267225201689921
0xfa434705204825a48e5f4a8dd34e548cc54988c592c2aaae54faf8da0a139ffd,true,0.13206745617251209,9018.0,1152.0,0.1277445109780439,2.0,11.479508196721312,3.1475409836065573,250.37037037037038,86.543209876543216,73.0,16.0,1082.0,19.0,0.053872305801593239,3.9551583869257936,3.0618293072946989
0xfb9c6b3dcd75e0d0f4e0b0d4b27a4e1398ec6147eb1af3499eb8b87145bfa709,false,6.2555345940130556,131734.0,12938.0,0.0982130657233516,521.0,536.172131147541,51.672131147540981,16123.456790123457,1553.20987654321,2.0,1.0,20404.0,315.0,0.8606694171426631,5.1197011757775908,4.111900712865614
0xfc54b4a9c537be25238cba3f05100b733aeee83a3eb3fdae60d651b3b913390c,true,11.667568375612136,980032.0,626.0,0.00063875465290929277,15.0,18.893442622950818,1.5327868852459017,155.80246913580248,27.160493827160494,81.0,25.0,97.0,28.0,1.1026932571561885,5.9912406996482179,2.7972675408307164
0xffffeb1d3576c1e847701c225975ee1a10259e05366b477e98fea7a47c5e5896,true,4.6760675733746142,211842.0,64871.0,0.30622350619801553,1327.0,374.36065573770492,142.14344262295083,5687.7777777777783,1619.8765432098767,3531.0,1657.0,6867.0,889.0,0.75404755707596349,5.3260141180344371,4.8120572874103313